City,Cloudiness,Country,Date,Humidity,Lat,Lng,Max Temp,Wind Speed
Marquette,90,US,1570164727,87,46.54,-87.4,43.0,11.41
Mar del Plata,0,AR,1570164727,55,-46.43,-67.52,43.95,19.64
Vila Franca do Campo,40,PT,1570164727,83,37.72,-25.43,71.6,12.75
Busselton,87,AU,1570164728,54,-33.64,115.35,64.99,29.44
Albany,90,US,1570164567,87,42.65,-73.75,52.0,8.05
Vaini,40,IN,1570164728,78,15.34,74.49,77.0,2.66
New Norfolk,40,AU,1570164729,50,-42.78,147.06,55.4,19.46
Margate,40,AU,1570164729,50,-43.03,147.26,55.4,19.46
Avarua,64,CK,1570164515,69,-21.21,-159.78,77.0,5.82
Port Keats,51,AU,1570164729,55,-14.25,129.55,85.8,14.9
San Quintin,1,PH,1570164529,75,17.54,120.52,83.32,6.2
Jamestown,96,AU,1570164730,13,-33.21,138.6,90.34,20.07
Airai,10,TL,1570164529,42,-8.93,125.41,86.02,1.95
Provideniya,90,RU,1570164730,69,64.42,-173.23,35.6,8.95
Klaksvik,87,FO,1570164730,65,62.23,-6.59,46.4,12.75
Ust-Kulom,100,RU,1570164731,95,61.69,53.69,33.13,5.82
Kapaa,40,US,1570164731,69,22.08,-159.32,84.2,17.22
Hasaki,20,JP,1570164731,65,35.73,140.83,90.0,17.22
Codrington,0,AU,1570164732,19,-28.95,153.24,87.8,5.82
Isangel,91,VU,1570164732,74,-19.55,169.27,71.96,20.94
Iqaluit,20,CA,1570164732,79,63.75,-68.52,32.0,21.92
Ushuaia,40,AR,1570164498,99,-54.81,-68.31,44.6,21.92
Kaitangata,100,NZ,1570164532,38,-46.28,169.85,64.0,11.99
Khatanga,3,RU,1570164733,60,71.98,102.47,28.4,16.28
Cape Town,20,ZA,1570164733,77,-33.93,18.42,60.01,13.87
Palmer,0,AU,1570164533,21,-34.85,139.16,89.6,14.99
Beboto,100,TD,1570164734,90,8.27,16.94,71.74,2.82
Hobart,40,AU,1570164734,50,-42.88,147.33,55.4,19.46
Nelson Bay,0,AU,1570164734,13,-32.72,152.14,93.2,20.8
Georgetown,0,GY,1570164735,94,6.8,-58.16,75.2,4.7
Sept-Iles,75,CA,1570164735,86,50.2,-66.38,35.01,2.24
Venado Tuerto,100,AR,1570164735,99,-33.75,-61.97,50.0,8.01
Mahebourg,34,MU,1570164735,64,-20.41,57.7,73.0,5.01
Leeton,33,AU,1570164736,25,-34.55,146.4,84.2,10.29
Kahului,40,US,1570164736,74,20.89,-156.47,80.6,13.87
Urgut,75,UZ,1570164535,51,39.41,67.25,59.0,7.45
Beli Potok,0,RS,1570164737,87,44.71,20.52,50.0,5.82
Pasni,14,PK,1570164536,52,25.26,63.48,87.82,5.84
Lavrentiya,100,RU,1570164737,96,65.58,-170.99,33.22,6.13
Ternate,40,PH,1570164537,70,14.29,120.72,90.0,5.82
Saskylakh,0,RU,1570164738,77,71.97,114.09,18.79,1.43
Sorland,0,NO,1570164738,80,67.67,12.69,30.2,5.82
Seoul,1,KR,1570164556,61,37.57,126.98,80.6,3.36
Saint-Augustin,90,CA,1570164738,100,45.63,-73.98,45.0,9.17
Maumere,0,ID,1570164739,40,-8.63,122.22,87.2,5.61
Port Lincoln,100,AU,1570164739,82,-34.72,135.86,59.88,15.43
Shizilu,31,CN,1570164739,44,29.63,109.09,82.78,7.94
Yar-Sale,65,RU,1570164739,94,66.83,70.83,34.36,20.07
Avera,1,US,1570164740,74,33.19,-82.53,84.2,3.36
Cayenne,0,GF,1570164740,94,4.94,-52.33,75.2,4.0
Zaysan,0,KZ,1570164740,30,47.47,84.87,52.36,6.2
Soyalo,75,MX,1570164741,78,16.9,-92.92,75.2,1.5
Lebu,75,ET,1570164540,87,8.96,38.73,57.2,6.93
Qaanaaq,75,GL,1570164741,61,77.48,-69.36,26.06,7.99
Murray Bridge,99,AU,1570164741,39,-35.12,139.28,82.0,4.41
Hermanus,100,ZA,1570164542,87,-34.42,19.24,61.0,7.0
Dikson,100,RU,1570164542,91,73.51,80.55,27.8,26.53
Katsuura,40,JP,1570164742,51,33.93,134.5,84.0,14.99
Kemin,100,KG,1570164742,37,42.79,75.7,57.14,2.64
Khandbari,99,NP,1570164743,82,27.38,87.21,61.66,5.14
Upernavik,79,GL,1570164543,75,72.79,-56.15,37.29,10.29
Salinopolis,0,BR,1570164743,80,-0.61,-47.36,80.06,15.64
Luderitz,0,NA,1570164744,71,-26.65,15.16,56.21,24.85
Leningradskiy,100,RU,1570164744,82,69.38,178.42,33.53,15.68
Bandarbeyla,100,SO,1570164745,59,9.49,50.81,82.45,7.43
Lima,90,PE,1570164545,88,-12.06,-77.04,62.6,10.29
Coihaique,0,CL,1570164745,52,-45.58,-72.07,44.6,6.93
Aginskoye,8,RU,1570164745,39,51.11,114.54,46.22,10.4
Salalah,20,OM,1570164746,74,17.01,54.1,82.4,2.24
Rikitea,83,PF,1570164546,78,-23.12,-134.97,69.56,24.58
Oriximina,31,BR,1570164546,73,-1.77,-55.87,79.27,4.59
Nikolskoye,90,RU,1570164746,93,59.7,30.79,37.99,8.95
Punta Arenas,40,CL,1570164746,80,-53.16,-70.91,44.6,27.51
Thompson,5,CA,1570164547,86,55.74,-97.86,26.6,2.24
Lagoa,0,PT,1570164747,82,37.14,-8.45,66.2,8.05
Suchiapa,75,MX,1570164748,78,16.62,-93.08,75.2,1.23
Leninsk,90,RU,1570164549,100,48.69,45.2,57.2,11.18
Yellowknife,20,CA,1570164748,80,62.45,-114.38,41.0,4.7
Saint-Philippe,90,CA,1570164748,100,45.36,-73.48,45.0,9.17
Bluff,0,AU,1570164749,19,-23.58,149.07,83.3,13.33
Hamilton,75,CA,1570164749,100,43.26,-79.87,57.0,5.82
North Las Vegas,1,US,1570164749,11,36.2,-115.11,78.8,9.17
Souillac,90,FR,1570164750,100,45.6,-0.6,61.0,6.93
Agadir,0,MA,1570164750,87,30.42,-9.58,59.0,3.36
Chuy,100,UY,1570164750,89,-33.69,-53.46,55.67,19.71
Namatanai,58,PG,1570164751,78,-3.66,152.44,80.47,9.42
Haines Junction,71,CA,1570164751,69,60.75,-137.51,31.75,1.99
Faya,0,SA,1570164751,39,18.39,42.45,62.6,3.74
Hilo,20,US,1570164752,65,19.71,-155.08,82.4,3.36
Kultuk,0,RU,1570164752,33,51.73,103.71,52.66,3.62
Balabac,100,PH,1570164752,74,7.99,117.06,82.63,4.14
Nome,75,US,1570164553,88,30.04,-94.42,80.6,5.03
Santa Maria da Vitoria,59,BR,1570164752,39,-13.39,-44.19,76.06,3.85
Mataura,99,NZ,1570164753,54,-46.19,168.86,61.0,15.01
Pangkalanbuun,48,ID,1570164753,64,-2.68,111.62,85.17,6.53
Ribeira Grande,64,PT,1570164754,81,38.52,-28.7,71.11,24.16
Gorom-Gorom,11,BF,1570164754,58,14.45,-0.24,81.05,13.8
Bredasdorp,97,ZA,1570164754,87,-34.53,20.04,51.8,8.05
Kavaratti,40,IN,1570164755,79,10.57,72.64,84.2,5.88
Kamaishi,75,JP,1570164755,73,39.28,141.86,73.4,20.8
Cabo San Lucas,40,MX,1570164635,83,22.89,-109.91,81.0,7.29
Blackwater,52,GB,1570164755,93,51.33,-0.78,55.99,10.29
Sao Filipe,84,CV,1570164756,83,14.9,-24.5,78.51,1.83
Port Elizabeth,90,US,1570164756,94,39.31,-74.98,71.01,2.06
Tuktoyaktuk,90,CA,1570164756,100,69.44,-133.03,33.8,9.17
Kuytun,0,RU,1570164557,41,54.34,101.51,50.84,5.7
Shima,75,JP,1570164557,57,34.34,136.82,80.6,17.22
Natal,75,BR,1570164747,83,-5.81,-35.21,78.8,17.22
Kennewick,1,US,1570164757,71,46.21,-119.12,53.01,3.36
Touros,40,BR,1570164558,78,-5.2,-35.46,77.0,9.17
Yichun,33,CN,1570164558,29,47.72,128.88,46.67,8.55
Richards Bay,35,ZA,1570164758,79,-28.77,32.06,69.26,9.06
Port Alfred,30,ZA,1570164758,76,-33.59,26.89,60.01,5.19
Saint George,40,GR,1570164758,87,39.45,22.34,59.0,4.7
Brae,1,GB,1570164759,87,60.4,-1.35,48.2,13.87
Bethel,90,US,1570164562,100,60.79,-161.76,46.4,21.92
Hithadhoo,89,MV,1570164759,78,-0.6,73.08,81.98,12.3
Bereda,75,ES,1570164759,88,43.27,-7.54,62.6,4.7
Thinadhoo,100,MV,1570164760,73,0.53,72.93,82.63,7.96
Giyani,0,ZA,1570164760,50,-23.32,30.73,74.5,4.52
Svarstad,75,NO,1570164760,100,59.4,9.97,39.0,9.17
San Patricio,89,PY,1570164760,96,-26.98,-56.83,69.26,3.0
Puerto Ayora,100,EC,1570164761,93,-0.74,-90.35,66.99,5.01
Alice Springs,0,AU,1570164761,8,-23.7,133.88,95.0,21.92
Bambous Virieux,34,MU,1570164761,64,-20.34,57.76,73.0,5.01
Lompoc,1,US,1570164762,82,34.64,-120.46,60.01,16.96
Bundaberg,0,AU,1570164762,41,-24.87,152.35,77.0,12.75
Chavakkad,40,IN,1570164762,74,10.53,76.05,87.8,3.36
Romans-sur-Isere,0,FR,1570164762,100,45.05,5.06,46.0,5.82
Todos Santos,40,MX,1570164763,83,23.45,-110.23,81.0,9.31
Cidreira,100,BR,1570164568,95,-30.17,-50.22,64.49,11.77
Pandan,13,PH,1570164763,74,11.72,122.09,83.3,11.18
Tutrakan,90,BG,1570164763,93,44.05,26.62,54.0,14.99
Tabuk,65,PH,1570164764,93,17.41,121.44,69.49,1.43
Buala,100,SB,1570164764,79,-8.15,159.59,79.61,1.77
Nanortalik,88,GL,1570164764,73,60.14,-45.24,39.63,4.29
Goderich,62,CA,1570164764,91,43.74,-81.71,57.0,24.47
Kruisfontein,60,ZA,1570164765,66,-34.0,24.73,59.77,4.32
Faanui,22,PF,1570164765,80,-16.48,-151.75,78.47,16.98
Luza,100,RU,1570164765,97,60.63,47.26,39.74,8.84
Ardmore,40,US,1570164526,88,34.99,-86.85,80.01,8.16
Casper,1,US,1570164766,75,42.87,-106.31,53.01,3.36
Geraldton,75,CA,1570164766,96,49.72,-86.95,32.0,4.7
Srednekolymsk,100,RU,1570164571,87,67.46,153.71,24.51,16.06
Chamba,100,IN,1570164571,43,32.56,76.12,72.97,3.36
Fomboni,17,KM,1570164572,81,-12.28,43.74,79.81,15.05
San Juan,19,AR,1570164581,43,-31.54,-68.53,38.3,3.02
Shache,96,CN,1570164767,90,38.42,77.24,73.99,3.94
Kirovskiy,99,RU,1570164767,67,45.09,133.51,50.77,9.46
Atuona,22,PF,1570164768,78,-9.8,-139.03,79.99,17.43
Okoneshnikovo,100,RU,1570164768,62,54.84,75.08,54.43,11.61
Saldanha,14,PT,1570164768,94,41.42,-6.55,57.52,1.43
Namie,75,JP,1570164574,100,37.52,140.86,73.99,13.87
Mount Isa,5,AU,1570164769,13,-20.73,139.49,93.2,20.8
Kawalu,32,ID,1570164574,38,-7.38,108.21,86.14,9.84
Tasiilaq,100,GL,1570164769,75,65.61,-37.64,42.8,23.04
Chichicastenango,100,GT,1570164769,99,14.94,-91.11,54.0,2.19
Bijar,0,IR,1570164770,23,35.87,47.6,66.54,4.97
Castro,90,CL,1570164770,81,-42.48,-73.76,42.8,5.82
Atar,27,MR,1570164576,20,20.52,-13.05,81.86,5.86
Ankazoabo,0,MG,1570164771,44,-22.29,44.51,82.87,6.82
Guilin,5,CN,1570164771,49,25.28,110.29,89.6,4.47
Arraial do Cabo,1,BR,1570164771,91,-22.97,-42.02,68.68,12.71
Rawson,41,AR,1570164771,45,-43.3,-65.11,49.94,19.91
Barguzin,95,RU,1570164772,68,53.62,109.63,35.44,4.25
Opuwo,33,NA,1570164772,29,-18.06,13.84,71.35,1.25
Bow Island,1,CA,1570164578,60,49.87,-111.38,45.0,10.29
East London,75,ZA,1570164772,87,-33.02,27.91,60.8,5.82
Juneau,75,US,1570164773,87,58.3,-134.42,46.99,3.06
Rio Grande,100,BR,1570164773,96,-32.03,-52.1,58.53,10.16
Pevek,100,RU,1570164579,72,69.7,170.27,32.29,17.4
Camacha,40,PT,1570164774,83,33.08,-16.33,71.6,6.93
Inirida,100,CO,1570164774,99,3.87,-67.92,71.83,2.66
Cherskiy,100,RU,1570164774,93,68.75,161.3,24.2,6.46
Rudsar,75,IR,1570164774,88,37.14,50.29,71.6,2.77
Lalmohan,15,BD,1570164775,58,22.34,90.74,89.72,6.96
Hofn,100,IS,1570164775,99,64.25,-15.21,31.12,5.57
Santa Maria,0,BR,1570164775,53,-16.02,-48.01,71.6,2.24
Vizinga,100,RU,1570164581,91,61.08,50.08,34.97,9.95
San Jose,100,HN,1570164582,98,14.25,-87.96,64.94,1.52
Alofi,98,NU,1570164776,83,-19.06,-169.92,75.2,11.41
Atakpame,98,TG,1570164776,89,7.53,1.13,69.64,0.51
Eyrarbakki,90,IS,1570164777,61,63.86,-21.15,48.2,17.22
Magadan,99,RU,1570164777,70,59.56,150.8,35.6,4.76
Vila do Maio,75,CV,1570164777,88,15.13,-23.22,80.6,4.7
Kabelvag,0,NO,1570164777,60,68.21,14.48,39.2,4.7
Mnogovershinnyy,40,RU,1570164778,44,53.94,139.92,38.62,15.86
Quelimane,0,MZ,1570164584,94,-17.88,36.89,68.0,2.24
Guerrero Negro,0,MX,1570164584,78,27.97,-114.04,67.48,13.67
Gat,86,SN,1570164778,88,14.69,-16.54,77.0,3.36
Snyder,1,US,1570164779,72,32.72,-100.92,69.8,18.34
Vostok,100,RU,1570164779,97,46.45,135.83,39.81,3.29
Zhigansk,30,RU,1570164779,53,66.77,123.37,29.21,5.79
Georgiyevka,10,RU,1570164585,77,52.25,40.45,59.41,13.96
Ixtapa,90,MX,1570164780,100,20.71,-105.21,78.01,10.58
Midland,75,US,1570164734,68,32.0,-102.08,75.2,14.99
Shingu,20,JP,1570164780,58,33.72,135.99,82.4,18.34
Aswan,0,EG,1570164781,28,24.09,32.9,80.6,9.17
Mazagao,20,BR,1570164587,94,-0.12,-51.29,80.6,9.17
Pisco,35,PE,1570164587,82,-13.71,-76.2,62.6,5.82
Kavieng,77,PG,1570164781,69,-2.57,150.8,84.72,9.57
Camocim,35,BR,1570164782,77,-2.9,-40.84,77.57,11.36
Tautira,40,PF,1570164782,69,-17.73,-149.15,80.6,6.93
Cap Malheureux,11,MU,1570164782,64,-19.98,57.61,73.0,5.01
Chegdomyn,0,RU,1570164589,31,51.13,133.04,46.47,6.62
Talnakh,75,RU,1570164589,93,69.49,88.39,41.0,20.13
Sitka,98,US,1570164783,83,37.17,-99.65,53.01,7.0
Samarai,100,PG,1570164590,93,-10.62,150.67,74.68,7.38
Shelburne,90,CA,1570164784,100,44.08,-80.2,54.0,6.93
Mecca,0,SA,1570164694,50,21.43,39.83,90.93,5.53
Ludvika,62,SE,1570164784,93,60.15,15.18,33.01,4.7
Barrow,100,AR,1570164785,63,-38.31,-60.23,41.38,9.08
Pangody,63,RU,1570164591,71,65.85,74.49,36.97,21.59
Mingyue,100,CN,1570164785,95,43.11,128.91,41.23,5.14
Saint Anthony,1,US,1570164785,70,43.97,-111.68,46.4,6.26
Muros,75,ES,1570164786,100,42.77,-9.06,64.99,6.78
Torbay,20,CA,1570164603,76,47.66,-52.73,41.0,18.34
Chabahar,40,IR,1570164593,78,25.29,60.65,82.4,8.75
Ilulissat,100,GL,1570164786,34,69.22,-51.1,48.2,19.46
Shirokiy,69,RU,1570164787,76,53.87,39.17,58.1,15.46
Uusikaupunki,90,FI,1570164594,77,60.8,21.41,34.0,4.7
Denia,0,ES,1570164787,74,38.84,0.11,64.99,3.02
Nalut,3,LY,1570164787,64,31.86,10.98,63.1,3.83
Batemans Bay,65,AU,1570164788,81,-35.71,150.18,75.0,3.0
Butaritari,100,KI,1570164788,70,3.07,172.79,83.01,9.71
Imphal,40,IN,1570164788,83,24.8,93.94,77.0,4.7
Oskaloosa,1,US,1570164595,87,39.22,-95.31,55.0,6.93
Daru,96,PG,1570164596,81,-9.07,143.21,78.42,14.72
Diu,28,IN,1570164789,66,20.71,70.98,84.68,5.55
Ulladulla,75,AU,1570164789,68,-35.36,150.48,73.99,12.75
Lamu,81,CN,1570164596,53,35.77,102.37,56.14,3.15
San Cristobal,100,HN,1570164597,96,14.68,-86.92,67.24,1.97
Alice Town,2,BS,1570164597,78,25.72,-79.3,80.08,10.67
Nha Trang,20,VN,1570164790,59,12.24,109.19,91.4,10.29
Kodiak,1,US,1570164598,87,39.95,-94.76,52.0,4.7
Sohagpur,14,IN,1570164790,63,22.7,78.2,84.11,3.69
Henties Bay,0,NA,1570164791,89,-22.12,14.28,57.18,10.07
Huambo,4,AO,1570164598,53,-12.78,15.73,68.63,1.81
Amarante do Maranhao,0,BR,1570164847,77,-5.57,-46.74,73.43,4.27
Havelock,1,US,1570164599,88,34.88,-76.9,80.6,6.93
Tocopilla,49,CL,1570164848,84,-22.09,-70.2,57.63,10.47
Sinop,0,TR,1570164848,82,42.03,35.15,57.2,5.82
Fayaoue,84,NC,1570164848,74,-20.65,166.53,70.82,18.95
Richmond,90,CA,1570164632,81,49.16,-123.14,54.0,11.41
Noumea,20,NC,1570164849,47,-22.28,166.46,77.0,20.8
Havre-Saint-Pierre,75,CA,1570164849,74,50.23,-63.6,33.8,2.24
Ketchikan,90,US,1570164849,93,55.34,-131.65,51.8,5.82
Nata,21,BW,1570164850,54,-20.21,26.19,73.16,15.32
Westport,90,US,1570164850,100,41.14,-73.36,60.8,11.41
Singapore,40,MY,1570164692,78,1.29,103.85,86.0,6.93
Lorengau,65,PG,1570164851,72,-2.02,147.27,83.24,5.99
Bure,92,NG,1570164602,82,10.52,10.33,71.8,5.7
Perth,75,AU,1570164604,49,-31.95,115.86,68.0,28.86
Marawi,51,PH,1570164603,78,8.0,124.29,84.99,4.0
Tutoia,19,BR,1570164603,93,-2.76,-42.27,73.0,3.11
Shu,25,KZ,1570164852,28,43.6,73.76,66.83,4.59
Rosarito,40,CO,1570164852,94,4.91,-75.23,68.0,2.24
Kampot,40,KH,1570164852,78,10.62,104.18,84.2,56.37
Sovetskaya Gavan,100,RU,1570164605,74,48.97,140.29,40.35,8.08
Antalaha,76,MG,1570164853,62,-14.9,50.28,79.52,1.59
Maceio,75,BR,1570164593,94,-9.67,-35.74,73.4,5.82
Muzaffarabad,100,PK,1570164854,76,34.37,73.47,56.96,9.71
Norman Wells,75,CA,1570164854,93,65.28,-126.83,37.4,6.93
Pierre,1,US,1570164799,93,44.37,-100.35,37.99,9.17
Moron,59,HT,1570164854,79,18.56,-74.26,80.29,3.09
Campina Verde,0,BR,1570164855,32,-19.54,-49.49,73.63,2.98
Chenghai,0,CN,1570164607,49,23.46,116.77,89.6,4.47
Fortuna,1,US,1570164855,100,40.6,-124.16,53.01,4.7
Carnarvon,0,ZA,1570164855,21,-30.97,22.13,55.76,1.1
Urengoy,82,RU,1570164856,66,65.96,78.37,40.12,18.75
Vao,100,EE,1570164856,86,59.1,26.19,38.86,11.03
Umm Lajj,18,SA,1570164856,72,25.02,37.27,85.4,6.22
Cuenca,100,EC,1570164856,87,-2.9,-79.0,53.6,3.36
Kalmunai,15,LK,1570164857,46,7.42,81.82,94.28,1.61
Filingue,22,NE,1570164610,42,14.35,3.32,84.81,9.84
Tiksi,100,RU,1570164857,90,71.64,128.87,27.14,24.09
Bati,32,ET,1570164857,60,11.19,40.02,71.89,1.72
Visby,40,SE,1570164858,87,57.64,18.3,42.8,13.87
College,90,US,1570164611,93,64.86,-147.8,41.0,4.7
Mlonggo,20,ID,1570164858,34,-6.53,110.7,95.0,13.87
Dingle,25,PH,1570164858,60,11.0,122.67,87.44,3.58
Fort Morgan,1,US,1570164859,61,40.25,-103.8,51.8,6.93
Kristinehamn,69,SE,1570164612,87,59.31,14.11,36.0,8.05
Bara,99,NG,1570164859,84,10.41,10.6,71.78,7.38
Wasilla,20,US,1570164836,81,61.58,-149.44,46.4,3.51
Zabol,0,IR,1570164860,26,31.03,61.49,71.6,21.92
Kirakira,91,SB,1570164860,71,-10.46,161.92,82.31,5.06
Kodinsk,100,RU,1570164861,74,58.6,99.18,46.85,11.03
Isabela,2,PH,1570164861,67,10.2,122.99,83.5,6.91
Ponta do Sol,0,BR,1570164861,62,-20.63,-46.0,64.09,7.61
Mackenzie,90,CA,1570164862,81,55.34,-123.09,44.6,5.82
Clyde River,90,CA,1570164862,94,70.47,-68.59,32.0,6.93
Kongolo,100,CD,1570164615,94,-5.39,27.0,71.22,3.53
Christchurch,32,NZ,1570164594,54,-43.53,172.64,60.01,14.99
Arlit,0,NE,1570164616,10,18.74,7.39,86.34,8.03
Sur,0,OM,1570164863,39,22.57,59.53,94.85,5.01
Byron Bay,0,AU,1570164863,56,-28.65,153.62,87.8,19.46
Nauta,100,PE,1570164863,98,-4.51,-73.58,71.67,3.29
Mahanoro,61,MG,1570164863,66,-19.9,48.8,79.36,2.51
Chase,90,US,1570164617,76,38.35,-98.35,57.2,8.05
Voh,49,NC,1570164864,73,-20.95,164.69,70.28,23.17
Robertsport,98,LR,1570164864,90,6.75,-11.37,75.67,3.11
Makakilo City,75,US,1570164864,78,21.35,-158.09,82.4,9.17
Pundaguitan,41,PH,1570164618,72,6.37,126.17,82.97,8.59
Khorol,94,UA,1570164865,84,49.78,33.27,53.54,10.96
Ayagoz,0,KZ,1570164865,22,47.96,80.43,53.67,9.19
Constitucion,79,MX,1570164866,69,23.99,-104.67,64.0,4.0
Victoria,75,BN,1570164808,74,5.28,115.24,84.2,4.7
Mayumba,100,GA,1570164866,93,-3.44,10.65,74.84,14.18
Oktyabrskiy,0,RU,1570164866,87,55.61,37.97,59.0,6.71
Te Anau,90,NZ,1570164620,84,-45.41,167.72,46.99,9.64
Camrose,90,CA,1570164867,60,53.01,-112.84,42.8,8.05
Huarmey,77,PE,1570164867,92,-10.07,-78.15,61.23,17.92
Chengzihe,99,CN,1570164868,66,45.35,131.0,43.55,8.88
Shimoda,20,JP,1570164868,69,34.7,138.93,82.4,21.92
Necochea,100,AR,1570164622,76,-38.55,-58.74,44.01,1.99
Fort Nelson,90,CA,1570164868,76,58.81,-122.69,53.6,2.24
Cornwall,90,CA,1570164868,100,45.02,-74.73,46.0,4.7
Jamsa,90,FI,1570164869,86,61.86,25.19,33.01,8.05
Turbat,4,PK,1570164869,52,26.0,63.05,85.67,6.13
Narsaq,72,GL,1570164623,31,60.91,-46.05,50.0,16.11
Panzhihua,41,CN,1570164623,53,26.59,101.72,82.43,1.23
Kununurra,75,AU,1570164870,22,-15.77,128.74,98.6,5.82
Aguimes,20,ES,1570164870,78,27.91,-15.45,71.6,25.28
Hirara,40,JP,1570164870,74,24.8,125.28,84.2,10.29
Alta Floresta,32,BR,1570164870,86,-9.87,-56.08,71.17,0.29
Sydney Mines,75,CA,1570164871,93,46.24,-60.22,43.0,4.7
Sisimiut,73,GL,1570164871,61,66.94,-53.67,41.65,10.13
Baykit,100,RU,1570164625,90,61.68,96.39,37.92,10.11
Bouloupari,20,NC,1570164871,47,-21.87,166.05,77.0,20.8
Parana,80,BR,1570164872,98,-7.52,-72.89,71.98,3.29
Anchorage,75,US,1570164646,81,61.22,-149.89,46.4,2.21
Pianoro,0,IT,1570164777,81,44.39,11.34,52.0,8.05
Ayorou,5,NE,1570164626,46,14.73,0.92,83.6,11.07
Jawhar,35,IN,1570164873,70,19.91,73.23,85.17,3.36
Laguna,40,BZ,1570164873,88,16.17,-88.94,78.8,1.34
Calarca,40,CO,1570164627,93,4.44,-75.21,66.2,4.7
Poum,100,MK,1570164873,89,41.28,20.71,51.15,5.21
Abha,0,SA,1570164874,39,18.22,42.5,62.6,16.93
Madras,90,US,1570164628,70,44.63,-121.13,46.99,4.7
Carutapera,0,BR,1570164874,81,-1.2,-46.02,77.52,6.96
Masterton,0,NZ,1570164874,74,-40.95,175.66,55.0,11.99
Smithers,90,CA,1570164870,93,54.78,-127.17,44.6,2.24
Tessalit,0,ML,1570164629,13,20.2,1.01,79.97,7.31
Evensk,7,RU,1570164875,52,61.92,159.24,30.45,2.44
Kutum,75,SD,1570164875,55,14.2,24.66,75.23,5.46
Kalmar,0,SE,1570164876,100,56.66,16.36,37.99,4.7
Fairbanks,90,US,1570164690,93,64.84,-147.72,39.2,4.7
Bonoua,75,CI,1570164876,88,5.27,-3.6,78.8,10.29
Ucluelet,2,CA,1570164736,86,48.94,-125.55,53.01,13.42
Zhangye,0,CN,1570164876,44,38.94,100.46,58.78,7.23
Atambua,0,ID,1570164877,72,-9.11,124.89,79.32,10.51
Naze,100,NG,1570164877,96,5.43,7.07,72.1,2.48
Mapiripan,54,CO,1570164877,94,2.89,-72.13,68.83,1.9
Penzance,69,GB,1570164877,82,50.12,-5.53,57.99,18.34
Vardo,90,US,1570164878,88,39.62,-77.74,73.0,6.93
Esperance,90,AU,1570164878,82,-33.86,121.89,62.6,10.29
Muisne,100,EC,1570164878,87,0.61,-80.02,74.35,16.84
Shepsi,20,RU,1570164879,68,44.04,39.15,71.38,12.68
Ust-Maya,39,RU,1570164879,45,60.42,134.54,32.66,2.48
Cururupu,1,BR,1570164634,98,-1.82,-44.87,71.51,2.28
Raudeberg,40,NO,1570164879,62,61.99,5.14,48.2,17.22
Maniwaki,100,CA,1570164634,97,46.38,-75.98,40.06,6.15
Ayacucho,100,PE,1570164880,85,-13.16,-74.23,44.9,2.95
Korostarcsa,0,HU,1570164880,93,46.88,21.03,45.0,2.77
Chicama,90,PE,1570164880,87,-7.84,-79.15,60.8,11.41
Russell,90,US,1570164881,71,38.9,-98.86,57.2,9.17
Mudanjiang,100,CN,1570164881,93,44.58,129.6,39.88,8.23
Najran,0,SA,1570164881,29,17.54,44.22,77.0,12.19
Meulaboh,64,ID,1570164881,77,4.14,96.13,80.54,2.71
Makamba,6,BI,1570164882,53,-4.13,29.8,76.66,2.42
Assiniboia,35,CA,1570164882,76,49.63,-105.99,43.3,16.55
Bloemhof,0,ZA,1570164883,37,-27.65,25.61,66.34,10.36
Siva,20,GR,1570164883,65,35.21,25.04,82.0,29.97
Nichinan,20,JP,1570164883,54,31.65,131.31,82.4,6.93
Lukow,5,PL,1570164884,97,51.93,22.38,48.0,7.76
Ormara,27,PK,1570164884,58,25.21,64.64,87.04,10.96
Dhidhdhoo,39,MV,1570164884,66,6.88,73.1,83.5,3.38
Dicabisagan,91,PH,1570164885,90,17.08,122.42,76.04,2.8
Maragogi,23,BR,1570164885,93,-9.01,-35.22,69.49,3.85
Kenai,40,US,1570164885,87,60.55,-151.26,44.6,4.7
Rocha,96,UY,1570164885,91,-34.48,-54.34,52.28,9.98
Grabs,0,CH,1570164640,100,47.18,9.44,46.99,1.12
Novikovo,0,RU,1570164886,73,51.15,37.89,59.59,10.49
Anadyr,75,RU,1570164886,73,64.73,177.51,26.6,24.61
Camalu,0,MX,1570164886,78,30.85,-116.07,65.62,13.65
Santa Vitoria do Palmar,100,BR,1570164887,92,-33.52,-53.37,54.55,17.4
Arriaga,100,MX,1570164887,96,16.24,-93.9,66.86,2.82
Trelew,41,AR,1570164834,45,-43.25,-65.31,49.94,19.91
Udachnyy,90,RU,1570164888,92,66.42,112.4,26.6,2.24
Esmeraldas,0,BR,1570164888,55,-19.76,-44.31,69.8,11.41
Kigoma,0,TZ,1570164888,55,-4.88,29.64,78.47,11.72
Puro,0,PH,1570164888,69,13.13,123.76,83.64,6.62
Duma,100,CN,1570164644,88,34.88,111.1,65.8,8.9
Nipani,0,NP,1570164889,58,27.63,84.5,88.05,2.86
Ocotal,100,NI,1570164644,99,13.63,-86.48,67.76,0.67
Mount Gambier,90,AU,1570164890,82,-37.83,140.78,55.4,9.17
Chokurdakh,100,RU,1570164890,95,70.62,147.9,27.32,18.92
Mabai,89,CN,1570164891,70,23.01,104.4,75.88,5.77
Paamiut,100,GL,1570164646,61,61.99,-49.67,43.46,7.54
Muroto,20,JP,1570164891,40,33.37,134.14,86.0,12.75
Santa Isabel,1,MX,1570164891,22,32.63,-115.58,80.6,17.22
Kiama,75,AU,1570164647,68,-34.67,150.86,66.99,12.75
Portland,90,US,1570164665,81,43.66,-70.25,48.99,3.36
Vernon,90,CA,1570164892,81,50.27,-119.27,50.0,5.82
Ancud,90,CL,1570164892,81,-41.87,-73.83,42.8,5.82
Isla Mujeres,75,MX,1570164893,100,21.23,-86.73,78.8,3.18
Saryozek,0,KZ,1570164893,27,44.36,77.98,64.18,7.23
Vila Velha,75,BR,1570164893,83,-3.71,-38.6,78.8,13.87
Ayni,97,TJ,1570164893,42,39.39,68.54,46.61,1.07
Grand-Santi,17,GF,1570164649,95,4.27,-54.38,69.64,1.79
Longyearbyen,75,NO,1570164894,96,78.22,15.63,32.0,2.24
Vorukh,2,KG,1570164894,37,39.85,70.57,62.15,7.49
Morant Bay,20,JM,1570164894,83,17.88,-76.41,82.4,11.41
Aukra,0,NO,1570164895,74,62.79,6.92,44.6,9.17
Kibaya,40,RW,1570164650,100,-2.2,30.56,60.8,5.19
Deputatskiy,100,RU,1570164895,83,69.3,139.9,17.6,25.41
Beihai,75,CN,1570164895,76,38.95,121.19,55.0,17.9
Maputo,0,MZ,1570164883,87,-25.97,32.57,60.8,6.93
Koshurnikovo,0,RU,1570164896,39,54.3,93.39,46.97,5.48
Qaqortoq,72,GL,1570164896,31,60.72,-46.03,50.0,16.11
Saint-Joseph,0,FR,1570164896,76,43.56,6.97,59.0,4.7
Griffith,33,AU,1570164897,26,-34.29,146.06,84.2,10.29
Maragheh,0,IR,1570164652,38,37.39,46.24,60.8,11.41
Ambilobe,24,MG,1570164897,42,-13.19,49.05,88.48,11.74
Puerto Madryn,94,AR,1570164628,47,-42.77,-65.04,51.53,15.99
Bjelovar,0,HR,1570164653,93,45.9,16.84,41.0,3.36
Zyryanka,98,RU,1570164653,41,65.73,150.89,30.32,9.44
Praia,0,BR,1570164898,46,-20.25,-43.81,69.8,9.17
Bougouni,73,ML,1570164898,90,11.42,-7.49,72.55,2.46
San,44,ML,1570164777,64,13.3,-4.9,79.54,8.72
Neosho,1,US,1570164654,87,43.31,-88.52,50.0,3.36
Husavik,0,CA,1570164899,80,50.56,-96.99,44.01,5.44
Malangwa,100,CD,1570164899,94,-2.84,17.57,73.51,3.11
Phetchaburi,20,TH,1570164899,70,13.1,99.94,87.8,6.93
Igarka,100,RU,1570164900,93,67.47,86.57,44.67,14.41
Taoudenni,1,ML,1570164900,13,22.68,-3.98,84.63,9.78
Kaeo,7,NZ,1570164656,77,-35.1,173.78,61.0,6.89
Turan,0,RU,1570164656,29,52.15,93.92,44.49,5.88
Kupang,0,ID,1570164900,74,-10.16,123.6,80.56,3.62
El Alto,75,BO,1570164901,86,-16.5,-68.19,41.0,6.93
Bonthe,89,SL,1570164901,88,7.53,-12.5,75.86,3.04
Namibe,24,AO,1570164901,75,-15.19,12.15,66.14,0.65
Longido,34,TZ,1570164902,65,-2.73,36.7,65.71,8.48
Puerto Leguizamo,99,CO,1570164902,99,-0.19,-74.78,68.56,0.56
Oron,100,NG,1570164902,93,4.81,8.23,72.62,1.5
Waipawa,0,NZ,1570164902,54,-39.94,176.59,57.0,8.99
Gorontalo,70,ID,1570164903,69,0.54,123.06,82.33,5.93
Tarut,32,SA,1570164903,70,26.57,50.06,91.4,4.7
Tamandare,97,BR,1570164659,92,-8.28,-70.75,71.98,3.2
Khorinsk,55,RU,1570164903,51,52.16,109.78,41.83,9.31
Barra Patuca,91,HN,1570164660,82,15.8,-84.28,82.13,10.67
Itanhaem,75,BR,1570164633,77,-24.18,-46.79,62.6,9.17
Grand Gaube,11,MU,1570164903,64,-20.01,57.66,73.0,3.0
Lewiston,90,US,1570164905,93,44.1,-70.21,48.99,2.39
Boa Vista,0,BR,1570164905,74,2.82,-60.67,80.6,6.93
Belaya Gora,100,RU,1570164905,49,68.54,146.19,28.34,20.4
Verkhozim,79,RU,1570164905,79,52.71,45.42,55.0,14.05
Darnah,2,LY,1570164906,40,32.77,22.64,83.41,40.06
Kysyl-Syr,98,RU,1570164906,93,63.9,122.77,32.88,5.95
San Giorgio Ionico,40,IT,1570164663,100,40.46,17.38,63.0,117.44
Yulin,51,CN,1570164907,44,38.3,109.75,61.64,17.98
Snezhnogorsk,75,RU,1570164907,73,69.19,33.23,32.0,4.47
Hobyo,40,SO,1570164907,60,5.35,48.53,85.01,6.98
Katherine,40,AU,1570164907,14,-14.47,132.26,96.8,16.11
Tarakan,40,ID,1570164908,88,3.3,117.63,80.6,5.82
Qasigiannguit,95,GL,1570164908,34,68.82,-51.19,48.2,19.46
Copiapo,0,CL,1570164908,76,-27.37,-70.33,53.6,6.93
Inhambane,20,MZ,1570164665,93,-23.87,35.38,64.4,5.5
Cruz das Almas,19,BR,1570164909,98,-12.67,-39.11,67.91,3.96
Brownsville,75,US,1570164909,88,25.91,-97.49,84.0,3.36
Belmonte,8,PT,1570164909,74,40.36,-7.35,57.0,2.77
Egvekinot,100,RU,1570164666,97,66.32,-179.17,26.49,6.06
Belyy Yar,0,RU,1570164910,56,53.6,91.39,42.8,2.24
Tivoli,0,IT,1570164910,71,41.96,12.8,59.0,8.05
Seminole,40,US,1570164617,93,32.72,-102.64,62.6,10.29
Havre de Grace,90,US,1570164910,100,39.55,-76.09,70.0,6.93
Manzanillo,59,MX,1570164856,75,19.05,-104.32,82.0,3.04
Fuerte Olimpo,16,BR,1570164911,62,-21.04,-57.87,73.16,5.06
Atbasar,64,KZ,1570164911,37,51.81,68.36,53.96,7.87
Karratha,0,AU,1570164911,17,-20.74,116.85,99.43,19.1
Tuatapere,100,NZ,1570164912,54,-46.13,167.69,61.0,15.01
Alugan,26,PH,1570164912,57,12.22,125.48,87.4,6.31
Kieta,98,PG,1570164912,80,-6.22,155.63,81.52,14.38
Taitung,40,TW,1570164669,74,22.76,121.15,86.0,9.17
Saint-Francois,90,FR,1570164669,81,46.42,3.91,48.2,6.93
Karymskoye,0,RU,1570164670,35,51.62,114.34,46.43,8.72
Latung,0,ID,1570164913,55,-8.45,120.42,85.75,7.67
Marienburg,100,DE,1570164913,93,52.12,9.98,50.0,2.24
Muli,35,CN,1570164914,39,28.08,109.56,90.23,3.42
Oksfjord,75,NO,1570164914,86,70.24,22.35,33.8,11.41
Isiro,98,CD,1570164914,95,2.77,27.62,70.9,1.48
Bintulu,75,MY,1570164671,100,3.17,113.03,73.4,6.93
Adrar,92,DZ,1570164915,19,27.87,-0.29,69.8,9.17
Coquimbo,0,CL,1570164915,76,-29.95,-71.34,51.8,3.36
Zeerust,0,ZA,1570164915,55,-25.54,26.07,60.8,8.05
Benguela,70,AO,1570164915,85,-12.58,13.4,70.55,7.29
Jertih,75,MY,1570164673,70,5.74,102.5,87.8,8.05
Oranjemund,0,ZA,1570164673,92,-28.55,16.43,57.07,13.22
Mocuba,99,MZ,1570164916,76,-16.84,36.99,73.04,3.04
Vasai,82,IN,1570164674,74,22.43,69.93,82.25,10.67
Auki,99,NG,1570164674,75,12.18,6.51,75.34,5.64
Yermakovskoye,5,RU,1570164917,39,53.28,92.4,49.39,3.89
Havoysund,40,NO,1570164917,72,71.0,24.66,35.6,6.93
Kathu,0,ZA,1570164917,12,-27.7,23.05,65.06,6.38
Champerico,75,MX,1570164918,78,16.38,-93.6,75.2,2.82
Roald,0,NO,1570164918,56,62.58,6.12,44.6,11.41
Kalemie,31,CD,1570164918,57,-5.95,29.2,76.06,9.37
Oranjestad,40,AW,1570164743,74,12.52,-70.03,84.2,16.11
Flin Flon,28,CA,1570164919,88,54.77,-101.88,36.84,5.46
Tigil,76,RU,1570164676,63,57.8,158.67,38.82,3.06
Minnedosa,90,CA,1570164677,75,50.25,-99.84,41.0,5.82
Hornepayne,27,CA,1570164919,96,49.22,-84.78,29.87,5.39
Mizdah,0,LY,1570164920,69,31.45,12.98,60.17,8.12
Axim,100,GH,1570164920,91,4.87,-2.24,76.49,8.05
Borgarnes,90,IS,1570164920,61,64.54,-21.92,48.2,17.22
Hambantota,20,LK,1570164678,79,6.12,81.12,86.0,4.7
Batesville,1,US,1570164921,64,35.77,-91.64,78.8,4.7
Bonavista,13,CA,1570164921,79,48.65,-53.11,39.99,13.0
Shurugwi,0,ZW,1570164921,57,-19.67,30.0,71.17,4.63
Sibolga,19,ID,1570164922,75,1.74,98.78,81.44,12.82
Obo,87,CF,1570164922,95,5.39,26.49,72.08,3.8
Mareeba,4,AU,1570164922,54,-16.99,145.42,82.99,20.8
Homer,1,US,1570164922,70,59.64,-151.54,46.4,4.7
La Ronge,20,CA,1570164923,70,55.1,-105.3,44.6,9.17
Noyabrsk,55,RU,1570164923,65,63.2,75.45,40.35,19.48
Chitral,96,PK,1570164923,85,35.85,71.79,32.92,7.2
Ribeira Brava,20,PT,1570164681,73,32.65,-17.07,71.6,10.29
Port Hardy,90,CA,1570164924,100,50.7,-127.42,48.2,3.36
Abadiania,0,BR,1570164900,31,-16.2,-48.71,75.2,6.93
Nouadhibou,5,MR,1570164924,69,20.93,-17.03,73.4,17.22
Baheri,0,IN,1570164682,74,28.77,79.5,82.4,2.24
Larap,0,PH,1570164683,67,14.3,122.65,83.46,6.69
Panaba,48,MX,1570164925,94,21.28,-88.27,77.48,0.98
Yenotayevka,0,RU,1570164925,40,47.24,47.04,67.33,16.28
Weyburn,17,CA,1570164836,91,49.67,-103.85,34.0,8.01
Kyzyl-Suu,100,KG,1570164926,52,42.34,78.0,54.95,1.41
Pitimbu,75,BR,1570164926,88,-7.47,-34.81,75.2,6.93
Lipin Bor,100,RU,1570164926,96,60.26,37.97,39.09,8.61
Escanaba,90,US,1570164927,87,45.75,-87.06,48.2,8.05
Gotsu,40,JP,1570164927,69,35.01,132.22,75.2,6.93
Thunder Bay,90,CA,1570164927,93,48.41,-89.26,39.2,3.36
Mwinilunga,68,ZM,1570164928,69,-11.73,24.43,67.3,10.6
Mao,40,DO,1570164686,100,19.55,-71.08,81.0,1.23
Montelimar,87,CR,1570164928,1,10.54,-84.57,72.0,1.83
Cockburn Town,100,TC,1570164928,75,21.46,-71.14,83.08,6.49
Sola,0,TZ,1570164929,52,-3.17,33.8,72.8,12.39
Wukari,100,NG,1570164687,91,7.87,9.78,73.7,3.44
Kitimat,90,CA,1570164687,93,54.02,-128.69,48.2,11.41
Lucapa,100,AO,1570164929,92,-8.42,20.74,69.17,3.11
San Roque,1,ES,1570164929,46,36.21,-5.38,71.6,13.87
Lazarev,0,RU,1570164930,36,52.23,141.51,45.03,3.29
Areosa,90,PT,1570164930,100,41.72,-8.86,62.6,1.12
Ahipara,0,NZ,1570164688,77,-35.17,173.16,60.01,11.25
Sistranda,20,NO,1570164931,69,63.73,8.83,37.4,13.87
Honningsvag,40,NO,1570164931,66,70.98,25.97,35.6,6.93
Gladstone,0,AU,1570164931,50,-23.84,151.26,80.01,12.75
Miandrivazo,0,MG,1570164931,39,-19.53,45.46,92.1,2.08
Zanesville,40,US,1570164932,82,39.94,-82.01,66.2,11.41
Lashio,27,MM,1570164932,46,22.93,97.75,87.15,3.71
Lakatoro,58,VU,1570164933,76,-16.11,167.42,78.98,15.12
Dandong,67,CN,1570164691,61,40.12,124.37,62.29,16.37
Eureka,1,US,1570164933,100,40.8,-124.16,52.0,4.7
Andra,36,RU,1570164691,67,62.52,65.89,39.9,14.36
Trinidad,47,BO,1570164933,79,-14.83,-64.9,68.39,2.19
Helena,40,US,1570164692,66,46.59,-112.04,48.2,3.13
Council Bluffs,1,US,1570164934,100,41.26,-95.86,50.0,4.7
